State,Zip,City
Alabama,35242,Birmingham
Alabama,36608,Mobile
Alabama,36117,Montgomery
Alabama,35802,Huntsville
Alabama,35216,Birmingham
Alabama,35244,Birmingham
Alabama,35213,Birmingham
Alabama,36106,Montgomery
Alabama,36609,Mobile
Alabama,35243,Birmingham
Alaska,99515,Anchorage
Alaska,99503,Anchorage
Alaska,99516,Anchorage
Alaska,99577,Eagle River
Alaska,99504,Anchorage
Alaska,99654,Wasilla
Alaska,99507,Anchorage
Alaska,99508,Anchorage
Alaska,99701,Fairbanks
Alaska,99501,Anchorage
Arizona,85254,Scottsdale
Arizona,85032,Phoenix
Arizona,85281,Tempe
Arizona,85308,Glendale
Arizona,85251,Scottsdale
Arizona,85705,Tucson
Arizona,85257,Scottsdale
Arizona,85306,Glendale
Arizona,85201,Mesa
Arizona,85345,Peoria
Arkansas,72758,Rogers
Arkansas,72211,Little Rock
Arkansas,72712,Bentonville
Arkansas,72223,Little Rock
Arkansas,72209,Little Rock
Arkansas,72762,Springdale
Arkansas,71913,Hot Springs National Park
Arkansas,72205,Little Rock
Arkansas,72701,Fayetteville
Arkansas,72756,Rogers
California,90046,Los Angeles
California,90034,Los Angeles
California,94110,San Francisco
California,90066,Los Angeles
California,90035,Los Angeles
California,90024,Los Angeles
California,90036,Los Angeles
California,94109,San Francisco
California,94117,San Francisco
California,94114,San Francisco
Colorado,80202,Denver
Colorado,80209,Denver
Colorado,80206,Denver
Colorado,80203,Denver
Colorado,80210,Denver
Colorado,80302,Boulder
Colorado,80301,Boulder
Colorado,80906,Colorado Springs
Colorado,80003,Arvada
Colorado,80525,Fort Collins
Connecticut,6010,Bristol
Connecticut,6810,Danbury
Connecticut,6510,New Haven
Connecticut,6901,Stamford
Connecticut,6460,Millford
Connecticut,6702,Waterbury
Connecticut,6492,Wallingford
Connecticut,6851,Norwalk
Connecticut,6360,Norwich
Connecticut,6066,Vernon Rockville
Delaware,19808,Wilmington
Delaware,19702,Newark
Delaware,19805,Wilmington
Delaware,19810,Wilmington
Delaware,19711,Newark
Delaware,19901,Dover
Delaware,19804,Wilmington
Delaware,19977,Smyrna
Delaware,19802,Wilmington
Delaware,19934,Camden Wyoming
Florida,33139,Miami Beach
Florida,33140,Miami Beach
Florida,33131,Miami
Florida,33009,Hallandale
Florida,33132,Miami
Florida,33129,Miami
Florida,33141,Miami Beach
Florida,33308,Fort Lauderdale
Florida,33410,West Palm Beach
Florida,32250,Jacksonville Beach
Georgia,30309,Atlanta
Georgia,30022,Alpharetta
Georgia,30062,Marietta
Georgia,30004,Alpharetta
Georgia,30342,Atlanta
Georgia,30305,Atlanta
Georgia,30319,Atlanta
Georgia,30075,Roswell
Georgia,30306,Atlanta
Georgia,30005,Alpharetta
Hawaii,96816,Honolulu
Hawaii,96734,Kailua
Hawaii,96821,Honolulu
Hawaii,96825,Honolulu
Hawaii,96797,Waipahu
Hawaii,96744,Kaneohe
Hawaii,96822,Honolulu
Hawaii,96789,Mililani
Hawaii,96813,Honolulu
Hawaii,96707,Kapolei
Idaho,83704,Boise
Idaho,83404,Idaho Falls
Idaho,83706,Boise
Idaho,83814,Coeur D Alene
Idaho,83705,Boise
Idaho,83301,Twin Falls
Idaho,83642,Meridian
Idaho,83835,Hayden
Idaho,83709,Boise
Idaho,83401,Idaho Falls
Illinois,60657,Chicago
Illinois,60614,Chicago
Illinois,60640,Chicago
Illinois,60647,Chicago
Illinois,60618,Chicago
Illinois,60625,Chicago
Illinois,60613,Chicago
Illinois,60622,Chicago
Illinois,60611,Chicago
Illinois,60608,Chicago
Indiana,46260,Indianapolis
Indiana,46220,Indianapolis
Indiana,46307,Crown Point
Indiana,46544,Mishawaka
Indiana,46204,Indianapolis
Indiana,46825,Fort Wayne
Indiana,46250,Indianapolis
Indiana,47401,Bloomington
Indiana,47715,Evansville
Indiana,46614,South Bend
Iowa,52246,Iowa City
Iowa,52402,Cedar Rapids
Iowa,50310,Des Moines
Iowa,50010,Ames
Iowa,52245,Iowa City
Iowa,50311,Des Moines
Iowa,52807,Davenport
Iowa,50701,Waterloo
Iowa,52404,Cedar Rapids
Iowa,52240,Iowa City
Kansas,66210,Overland Park
Kansas,66062,Olathe
Kansas,67212,Wichita
Kansas,66061,Olathe
Kansas,66211,Leawood
Kansas,67206,Wichita
Kansas,66111,Kansas City
Kansas,66614,Topeka
Kansas,66044,Lawrence
Kansas,67203,Wichita
Kentucky,40207,Louisville
Kentucky,40503,Lexington
Kentucky,40222,Louisville
Kentucky,40220,Louisville
Kentucky,40502,Lexington
Kentucky,41017,Edgewood
Kentucky,40509,Lexington
Kentucky,40205,Louisville
Kentucky,40241,Louisville
Kentucky,40223,Louisville
Louisiana,70115,New Orleans
Louisiana,70808,Baton Rouge
Louisiana,70433,Covington
Louisiana,70130,New Orleans
Louisiana,70002,Metairie
Louisiana,70810,Baton Rouge
Louisiana,70118,New Orleans
Louisiana,71106,Shreveport
Louisiana,70301,Thibodaux
Louisiana,70809,Baton Rouge
Maine,4103,Portland
Maine,4330,Augusta
Maine,4102,Portland
Maine,4401,Bangor
Maine,4901,Waterville
Maine,3904,Kittery
Maine,4240,Lewiston
Maine,4038,Gorham
Maine,4101,Portland
Maine,4457,Levant
Maryland,20817,Bethesda
Maryland,21208,Pikesville
Maryland,21401,Annapolis
Maryland,20814,Bethesda
Maryland,21044,Columbia
Maryland,20910,Silver Spring
Maryland,20815,Chevy Chase
Maryland,21093,Lutherville Timonium
Maryland,21204,Towson
Maryland,20740,College Park
Massachusetts,2116,Boston
Massachusetts,2111,Boston
Massachusetts,2139,Cambridge
Massachusetts,2130,Boston
Massachusetts,1803,Burlington
Massachusetts,2474,Arlington
Massachusetts,2114,Boston
Massachusetts,1801,Woburn
Massachusetts,2134,Allston
Massachusetts,2132,Boston
Michigan,48104,Ann Arbor
Michigan,48103,Ann Arbor
Michigan,48201,Detroit
Michigan,49506,Grand Rapids
Michigan,48108,Ann Arbor
Michigan,48322,West Bloomfield
Michigan,48326,Auburn Hills
Michigan,48187,Canton
Michigan,48009,Birmingham
Michigan,48083,Troy
Minnesota,55403,Minneapolis
Minnesota,55404,Minneapolis
Minnesota,55104,Saint Paul
Minnesota,55105,Saint Paul
Minnesota,55410,Minneapolis
Minnesota,55406,Minneapolis
Minnesota,55408,Minneapolis
Minnesota,55417,Minneapolis
Minnesota,55116,Saint Paul
Minnesota,55418,Minneapolis
Mississippi,39211,Jackson
Mississippi,39503,Gulfport
Mississippi,39531,Biloxi
Mississippi,39232,Jackson
Mississippi,39402,Hattiesburg
Mississippi,39206,Jackson
Mississippi,39208,Pearl
Mississippi,38671,Southaven
Mississippi,39209,Jackson
Mississippi,39301,Meridian
Missouri,63105,Saint Louis
Missouri,63130,Saint Louis
Missouri,64111,Kansas City
Missouri,63141,Saint Louis
Missouri,63119,Saint Louis
Missouri,63122,Saint Louis
Missouri,64012,Belton
Missouri,63303,Saint Charles
Missouri,63131,Saint Louis
Missouri,63301,Saint Charles
Montana,59801,Hamilton
Montana,59715,Bozeman
Montana,59102,Billings
Montana,59718,Bozeman
Montana,59405,Great Falls
Montana,59901,Kalispell
Montana,59404,Great Falls
Montana,59601,Helena
Montana,59701,Butte
Montana,59105,Billings
Nebraska,68154,Omaha
Nebraska,68516,Lincoln
Nebraska,68144,Omaha
Nebraska,68510,Lincoln
Nebraska,68005,Bellevue
Nebraska,68130,Omaha
Nebraska,68506,Lincoln
Nebraska,68124,Omaha
Nebraska,68137,Omaha
Nebraska,68118,Omaha
Nevada,89109,Las Vegas
Nevada,89509,Reno
Nevada,89052,Henderson
Nevada,89117,Las Vegas
Nevada,89123,Las Vegas
Nevada,89135,Las Vegas
Nevada,89511,Reno
Nevada,89128,Las Vegas
Nevada,89148,Las Vegas
Nevada,89521,Reno
New Hampshire,3103,Manchester
New Hampshire,3801,Portsmouth
New Hampshire,3060,Nashua
New Hampshire,3104,Manchester
New Hampshire,3110,Bedford
New Hampshire,3053,Londonderry
New Hampshire,3820,Dover
New Hampshire,3102,Manchester
New Hampshire,3062,Nashua
New Hampshire,3079,Salem
New Jersey,7470,Wayne
New Jersey,7728,Freehold
New Jersey,7410,Fair Lawn
New Jersey,7083,Union
New Jersey,7024,Fort Lee
New Jersey,7052,West Orange
New Jersey,7302,Jersey City
New Jersey,8002,Cherry Hill
New Jersey,8540,Princeton
New Jersey,7304,Jersey City
New Mexico,87114,Albuquerque
New Mexico,87111,Albuquerque
New Mexico,87109,Albuquerque
New Mexico,87120,Albuquerque
New Mexico,87112,Albuquerque
New Mexico,87106,Albuquerque
New Mexico,87108,Albuquerque
New Mexico,88011,Las Cruces
New Mexico,87123,Albuquerque
New Mexico,87107,Albuquerque
New York,10011,New York
New York,10003,New York
New York,11201,Brooklyn
New York,10013,New York
New York,10025,New York
New York,10023,New York
New York,10014,New York
New York,10012,New York
New York,10028,New York
New York,10016,New York
North Carolina,28209,Charlotte
North Carolina,27612,Raleigh
North Carolina,28806,Asheville
North Carolina,27613,Raleigh
North Carolina,27511,Cary
North Carolina,28277,Charlotte
North Carolina,27587,Wake Forest
North Carolina,28210,Charlotte
North Carolina,28803,Asheville
North Carolina,27513,Cary
North Dakota,58503,Bismarck
North Dakota,58103,Fargo
North Dakota,58201,Grand Forks
North Dakota,58102,Fargo
North Dakota,58703,Minot
North Dakota,58104,Fargo
North Dakota,58504,Bismarck
North Dakota,58401,Jamestown
North Dakota,58801,Williston
North Dakota,58501,Bismarck
Ohio,43230,Columbus
Ohio,44124,Cleveland
Ohio,43235,Columbus
Ohio,44122,Beachwood
Ohio,44121,Cleveland
Ohio,43214,Columbus
Ohio,43221,Columbus
Ohio,44720,North Canton
Ohio,43220,Columbus
Ohio,43082,Westerville
Oklahoma,73120,Oklahoma City
Oklahoma,74012,Broken Arrow
Oklahoma,73162,Oklahoma City
Oklahoma,73112,Oklahoma City
Oklahoma,74133,Tulsa
Oklahoma,73170,Oklahoma City
Oklahoma,74014,Broken Arrow
Oklahoma,73159,Oklahoma City
Oklahoma,74135,Tulsa
Oklahoma,73132,Oklahoma City
Oregon,97229,Portland
Oregon,97007,Beaverton
Oregon,97006,Hillsboro
Oregon,97223,Portland
Oregon,97062,Tualatin
Oregon,97402,Eugene
Oregon,97333,Corvallis
Oregon,97405,Eugene
Oregon,97225,Portland
Oregon,97008,Beaverton
Pennsylvania,19103,Philadelphia
Pennsylvania,15217,Pittsburgh
Pennsylvania,19107,Philadelphia
Pennsylvania,19010,Bryn Mawr
Pennsylvania,19335,Downingtown
Pennsylvania,15206,Pittsburgh
Pennsylvania,19446,Lansdale
Pennsylvania,19106,Philadelphia
Pennsylvania,19130,Philadelphia
Pennsylvania,17011,Camp Hill
Rhode Island,2906,Providence
Rhode Island,2904,Providence
Rhode Island,2909,Providence
Rhode Island,2886,Warwick
Rhode Island,2818,East Greenwich
Rhode Island,2905,Providence
Rhode Island,2908,Providence
Rhode Island,2907,Providence
Rhode Island,2903,Providence
Rhode Island,2893,West Warwick
South Carolina,29464,Mount Pleasant
South Carolina,29205,Columbia
South Carolina,29607,Greenville
South Carolina,29407,Charleston
South Carolina,29492,Charleston
South Carolina,29615,Greenville
South Carolina,29412,Charleston
South Carolina,29209,Columbia
South Carolina,29401,Charleston
South Carolina,29301,Spartanburg
South Dakota,57105,Sioux Falls
South Dakota,57106,Sioux Falls
South Dakota,57103,Sioux Falls
South Dakota,57006,Brookings
South Dakota,57702,Rapid City
South Dakota,57108,Sioux Falls
South Dakota,57701,Rapid City
South Dakota,57401,Aberdeen
South Dakota,57201,Watertown
South Dakota,57783,Spearfish
Tennessee,37215,Nashville
Tennessee,37205,Nashville
Tennessee,37919,Knoxville
Tennessee,38117,Memphis
Tennessee,37221,Nashville
Tennessee,37027,Brentwood
Tennessee,37212,Nashville
Tennessee,37209,Nashville
Tennessee,37421,Chattanooga
Tennessee,38120,Memphis
Texas,77024,Houston
Texas,75093,Plano
Texas,75205,Dallas
Texas,78704,Austin
Texas,75230,Dallas
Texas,77098,Houston
Texas,75219,Dallas
Texas,77056,Houston
Texas,77007,Houston
Texas,75204,Dallas
Utah,84121,Salt Lake City
Utah,84106,Salt Lake City
Utah,84094,Sandy
Utah,84098,Park City
Utah,84060,Park City
Utah,84111,Salt Lake City
Utah,84770,Saint George
Utah,84105,Salt Lake City
Utah,84095,South Jordan
Utah,84403,Odgen
Vermont,5401,Burlington
Vermont,5452,Essex Junction
Vermont,5403,South Burlington
Vermont,5701,Rutland
Vermont,5819,St. Johnsbury
Vermont,5446,Williston
Vermont,5602,Montpelier
Vermont,5753,Middlebury
Vermont,5641,Barre
Vermont,5661,Morrisville
Virginia,22207,Arlington
Virginia,23226,Richmond
Virginia,22033,Fairfax
Virginia,22102,Tysons
Virginia,22201,Arlington
Virginia,22902,Charlottesville
Virginia,20147,Ashburn
Virginia,22031,Fairfax
Virginia,20110,Manassas
Virginia,22101,McLean
Washington,98103,Seattle
Washington,98115,Seattle
Washington,98105,Seattle
Washington,98118,Seattle
Washington,98125,Seattle
Washington,98144,Seattle
Washington,98121,Seattle
Washington,98117,Seattle
Washington,98052,Redmond
Washington,98122,Seattle
West Virginia,25304,Charleston
West Virginia,26508,Morgantown
West Virginia,25801,Beckley
West Virginia,25701,Huntington
West Virginia,25401,Martinsburg
West Virginia,26101,Parkersburg
West Virginia,26505,Morgantown
West Virginia,25309,Charleston
West Virginia,25404,Martinsburg
West Virginia,25705,Huntington
Wisconsin,53711,Madison
Wisconsin,53188,Waukesha
Wisconsin,53211,Milwaukee
Wisconsin,53705,Madison
Wisconsin,54401,Wausau
Wisconsin,54701,Eau Claire
Wisconsin,53217,Milwaukee
Wisconsin,54915,Appleton
Wisconsin,53202,Milwaukee
Wisconsin,53005,Brookfield
Wyoming,82009,Cheyenne
Wyoming,82001,Cheyenne
Wyoming,82070,Laramie
Wyoming,82609,Casper
Wyoming,82414,Cody
Wyoming,82501,Riverton
Wyoming,82901,Rock Springs
Wyoming,82007,Cheyenne
Wyoming,82636,Casper
Wyoming,82072,Laramie